indicator_hint,indicator_score,weight,weight_percent
Accuracy,4.59,0.15320427236315087,15.320427236315087
Clarity,4.1125,0.13726635514018692,13.726635514018692
Completeness,4.38,0.14619492656875835,14.619492656875835
Conciseness_Coherence,3.905,0.1303404539385848,13.034045393858479
Relevance,4.467499999999999,0.14911548731642188,14.911548731642188
Responsiveness,4.275,0.1426902536715621,14.26902536715621
Tone_Appropriateness,4.2299999999999995,0.1411882510013351,14.118825100133511
