Ranking,Indikator,Score Importance,Bobot (%)
1,Accuracy,4.59,15.320427236315089
2,Clarity,4.1125,13.726635514018692
3,Completeness,4.38,14.619492656875837
4,Conciseness_Coherence,3.905,13.03404539385848
5,Relevance,4.467499999999999,14.911548731642188
6,Responsiveness,4.275,14.26902536715621
7,Tone_Appropriateness,4.23,14.118825100133511
